disease,diet,workout
(vertigo) Paroymsal  Positional Vertigo,"Stay hydrated; eat regular balanced meals; include fruits, vegetables and whole grains; avoid excessive caffeine and alcohol if they trigger symptoms.",Prefer gentle walking and balance exercises as tolerated; avoid sudden head movements and strenuous activity during dizziness.
AIDS,"Maintain a nutrient-dense balanced diet with adequate protein, calories, fruits and vegetables; follow individualized dietary advice from a healthcare professional.","Light to moderate walking, stretching and resistance activity may be appropriate depending on overall health; exercise intensity should be individualized."
Acne,"Prefer a balanced diet rich in vegetables, fruits, whole grains and adequate water; limit highly refined and sugary foods if they appear to worsen symptoms.",Regular moderate aerobic activity is generally suitable; shower and change sweaty clothes after exercise to help maintain skin hygiene.
Alcoholic hepatitis,"Avoid alcohol completely; maintain adequate nutrition with balanced meals and follow professional dietary guidance, particularly when liver disease is significant.",Avoid strenuous exercise during active illness; gentle activity should only be considered according to medical advice and current condition.
Allergy,Maintain a balanced diet and identify and avoid known food allergens; stay hydrated and choose fresh foods that are well tolerated.,"Walking, stretching and moderate aerobic activity can be appropriate; avoid known environmental triggers during exercise."
Arthritis,"Choose a balanced diet rich in vegetables, fruits, whole grains and healthy protein sources; maintain adequate hydration.","Low-impact activities such as walking, swimming, cycling and gentle mobility exercises are generally preferred."
Bronchial Asthma,"Maintain a balanced diet with fruits, vegetables, whole grains and adequate hydration; avoid foods that are known personal triggers.","Walking, cycling and other moderate aerobic activities can be suitable with appropriate asthma management; warm up gradually."
Cervical spondylosis,"Maintain a balanced diet with adequate protein, vegetables, fruits and hydration to support overall musculoskeletal health.","Gentle neck mobility, posture exercises, stretching and low-impact walking may be appropriate; avoid painful or forceful neck movements."
Chicken pox,"Stay well hydrated and choose soft, nutritious foods; avoid foods that irritate mouth or throat lesions.","Prioritize rest and avoid strenuous exercise while fever, fatigue or active symptoms are present."
Chronic cholestasis,Follow a balanced diet with professional guidance; nutrient absorption and fat tolerance may require individualized dietary planning.,Gentle walking and light activity may be suitable depending on energy levels and liver condition; avoid strenuous activity during significant symptoms.
Common Cold,"Stay hydrated and eat balanced meals including fruits, vegetables, soups and other easy-to-tolerate nutritious foods.","Light walking or stretching may be suitable when symptoms are mild; rest when fever, significant fatigue or worsening symptoms are present."
Dengue,"Focus on adequate fluids and nutritious, easy-to-tolerate foods; follow medical advice regarding hydration and nutrition.",Rest is important during active dengue; avoid strenuous exercise until recovery and medical clearance.
Diabetes,"Prefer high-fiber foods, vegetables, whole grains and balanced portions of protein and carbohydrates; limit highly sugary foods and drinks.","Regular walking, cycling, resistance training and other moderate activity can support fitness and glucose management; individualize activity around treatment and glucose levels."
Dimorphic hemmorhoids(piles),"Increase dietary fiber through vegetables, fruits, whole grains and legumes; drink adequate fluids and avoid excessive straining.",Walking and other light-to-moderate activities are generally suitable; avoid activities that significantly increase discomfort.
Drug Reaction,Avoid the suspected triggering medication or substance only under professional guidance; maintain hydration and eat foods that are well tolerated.,Rest during significant symptoms; avoid strenuous exercise until the reaction has resolved and medical guidance is obtained.
Fungal infection,"Maintain a balanced diet with adequate protein, vegetables, fruits and hydration; avoid excessive added sugar as part of general healthy eating.",Moderate activity such as walking can be appropriate; keep affected skin clean and dry and avoid activity that causes irritation.
GERD,"Prefer smaller meals and avoid personal trigger foods; limit very fatty, spicy or acidic foods when they worsen symptoms and avoid lying down soon after meals.",Walking and moderate activity are generally suitable; avoid vigorous exercise immediately after eating and activities that clearly worsen reflux.
Gastroenteritis,Prioritize fluids and oral rehydration when needed; choose easy-to-tolerate nutritious foods and gradually return to a normal balanced diet as symptoms improve.,"Rest during active vomiting, diarrhea or fever; resume light activity gradually after hydration and recovery."
Heart attack,"Follow a heart-healthy eating pattern emphasizing vegetables, fruits, whole grains, legumes and appropriate lean protein while limiting excess sodium and saturated fat.",Exercise after a heart attack should follow a medically supervised cardiac rehabilitation plan; do not start strenuous exercise independently.
Hepatitis B,"Maintain balanced nutrition with adequate protein, fruits, vegetables and hydration; avoid alcohol and follow individualized liver-care advice.",Light-to-moderate activity may be appropriate when stable; avoid strenuous exercise during significant fatigue or active illness.
Hepatitis C,"Choose balanced meals with vegetables, fruits, whole grains and adequate protein; avoid alcohol and maintain healthy hydration.",Walking and moderate activity can be appropriate when tolerated; adjust intensity according to fatigue and medical guidance.
Hepatitis D,Maintain balanced nutrition and adequate hydration; avoid alcohol and follow individualized dietary advice for liver health.,Gentle walking and light activity may be appropriate when stable; avoid strenuous activity during active illness.
Hepatitis E,"Stay hydrated and consume balanced, easy-to-tolerate meals; avoid alcohol and follow professional dietary advice.",Prioritize rest during acute illness; gradually return to light activity after recovery.
Hypertension,"Prefer vegetables, fruits, whole grains, legumes and lower-sodium foods; limit highly processed foods and excessive sodium.","Regular moderate aerobic activity such as brisk walking, cycling or swimming is generally beneficial when medically appropriate."
Hyperthyroidism,Maintain a balanced nutrient-dense diet with adequate calories and protein; individualized nutritional advice may be needed depending on severity.,"Use gentle-to-moderate activity according to symptoms; avoid strenuous exercise when experiencing significant palpitations, weakness or heat intolerance."
Hypoglycemia,Eat regular balanced meals and snacks when appropriate; rapidly absorbable carbohydrate may be needed for an acute low-blood-glucose episode according to an individual's treatment plan.,Exercise should be planned around glucose monitoring and treatment needs; avoid exercise when blood glucose is dangerously low.
Hypothyroidism,"Maintain a balanced diet containing adequate protein, vegetables, fruits, whole grains and appropriate sources of micronutrients.","Walking, cycling, resistance training and flexibility exercises can be gradually introduced according to energy levels and fitness."
Impetigo,Maintain a balanced diet and adequate hydration; choose nutritious foods that support general health.,Light activity may be appropriate; avoid contact activities that could spread infection and keep affected areas clean.
Jaundice,"Stay hydrated and eat balanced, easy-to-tolerate meals; dietary needs should be individualized according to the underlying cause.",Rest during significant fatigue or acute illness; resume gentle activity gradually as recovery occurs.
Malaria,"Maintain hydration and consume nutritious, easy-to-tolerate meals; follow medical treatment and professional nutrition advice.",Rest during fever and acute illness; gradually return to light activity after recovery.
Migraine,Maintain regular meals and hydration; identify and avoid personal food triggers and excessive caffeine when relevant.,"Gentle walking, stretching and moderate aerobic activity may help some people; avoid intense activity during an acute attack."
Osteoarthristis,"Choose a balanced diet rich in vegetables, fruits, whole grains and adequate protein while maintaining a healthy body weight.","Low-impact walking, swimming, cycling, strengthening and mobility exercises are generally preferred."
Paralysis (brain hemorrhage),Follow individualized nutrition and swallowing guidance; emphasize balanced nutrition and adequate hydration as advised by the healthcare team.,Exercise should be rehabilitation-based and supervised by appropriate professionals; avoid unsupervised strenuous activity.
Peptic ulcer diseae,Eat balanced meals and avoid foods or drinks that clearly worsen symptoms; limit alcohol and avoid unnecessary irritants according to professional advice.,Gentle walking may be suitable when stable; avoid strenuous activity during significant pain or acute symptoms.
Pneumonia,"Stay hydrated and consume nutritious, easy-to-tolerate meals with adequate protein and calories during recovery.",Rest during acute illness and gradually resume light activity as breathing and energy improve; avoid strenuous exercise until recovered.
Psoriasis,"Maintain a balanced diet rich in vegetables, fruits, whole grains and healthy protein sources; limit excessive alcohol and highly processed foods.","Regular moderate activity such as walking, cycling or swimming can support overall health; adapt activity to joint or skin symptoms."
Tuberculosis,"Maintain adequate calories and protein with balanced meals, fruits, vegetables and sufficient hydration; follow professional nutrition advice during treatment.",Rest during active illness and gradually increase light activity as strength and respiratory status improve under medical guidance.
Typhoid,Stay hydrated and choose easy-to-digest nutritious foods; gradually return to a normal balanced diet as recovery progresses.,Rest during fever and acute illness; resume light activity gradually after recovery.
Urinary tract infection,Drink adequate fluids unless medically restricted and maintain a balanced diet; avoid personal bladder irritants if they worsen symptoms.,Light walking and normal daily activity may be suitable when symptoms are mild; rest if fever or significant illness is present.
Varicose veins,"Maintain a balanced diet rich in vegetables, fruits, whole grains and adequate hydration; maintain a healthy body weight.","Walking, cycling, swimming and calf-strengthening movements can support circulation; avoid prolonged immobility."
hepatitis A,"Stay hydrated and consume balanced, nutritious meals; avoid alcohol and follow professional advice if appetite or liver function is affected.",Rest during acute illness and gradually return to light activity as energy and symptoms improve.
